{
  "IcoMoonType": "selection",
  "icons": [
    {
      "icon": {
        "paths": [
          "M307.2 819.2c-56.32 0-102.4 46.080-102.4 102.4s46.080 102.4 102.4 102.4c56.32 0 102.4-46.080 102.4-102.4s-46.080-102.4-102.4-102.4v0zM0 0v102.4h102.4l184.32 389.12-71.68 122.88c-5.12 15.36-10.24 35.84-10.24 51.2 0 56.32 46.080 102.4 102.4 102.4h614.4v-102.4h-593.92c-5.12 0-10.24-5.12-10.24-10.24v-5.12l46.080-87.040h378.88c40.96 0 71.68-20.48 87.040-51.2l184.32-332.8c10.24-10.24 10.24-15.36 10.24-25.6 0-30.72-20.48-51.2-51.2-51.2h-757.76l-46.080-102.4h-168.96zM819.2 819.2c-56.32 0-102.4 46.080-102.4 102.4s46.080 102.4 102.4 102.4c56.32 0 102.4-46.080 102.4-102.4s-46.080-102.4-102.4-102.4v0z"
        ],
        "attrs": [
          {}
        ],
        "isMulticolor": false,
        "isMulticolor2": false,
        "grid": 0,
        "tags": [
          "if_shopping-cart_326700"
        ]
      },
      "attrs": [
        {}
      ],
      "properties": {
        "order": 2,
        "id": 0,
        "name": "if_shopping-cart_326700",
        "prevSize": 32
      },
      "setIdx": 0,
      "setId": 4,
      "iconIdx": 0
    }
  ],
  "height": 1024,
  "preferences": {
    "showGlyphs": true,
    "showQuickUse": true,
    "showQuickUse2": true,
    "showSVGs": true,
    "fontPref": {
      "prefix": "icon-",
      "metadata": {
        "fontFamily": "icomoon"
      },
      "metrics": {
        "emSize": 1024,
        "baseline": 6.25,
        "whitespace": 50
      },
      "embed": false
    },
    "imagePref": {
      "prefix": "icon-",
      "png": true,
      "useClassSelector": true,
      "color": 0,
      "bgColor": 16777215,
      "classSelector": ".icon",
      "name": "icomoon"
    },
    "historySize": 50,
    "showCodes": true,
    "gridSize": 16
  }
}